{"cameraMode":{"drawMode":0,"name":"Shaded","section":"Shading Mode"},"sceneLighting":false,"audioPlay":false,"sceneViewState":{"m_AlwaysRefresh":false,"showFog":false,"showSkybox":false,"showFlares":false,"showImageEffects":false,"showParticleSystems":false,"showVisualEffectGraphs":true,"m_FxEnabled":true},"in2DMode":false,"pivot":{"x":0.7044467926025391,"y":3.3823113441467287,"z":2.0483005046844484},"rotation":{"x":-0.022200552746653558,"y":0.9389873743057251,"z":-0.3377772271633148,"w":-0.06178777292370796},"size":2.3895151615142824,"orthographic":false}